PRIMARYKEY,INCI_ID,CALL_ID,ADDRESS_PUBLIC,DATE_REPT,HOUR_REPT,DATE_OCCU,HOUR_OCCU,DATE_FND,HOUR_FND,NEIGHBORHD,AGENCY,OFFENSE,STATUTDESC,CAPRIORITY,NATURECODE,NatureCodeDesc,HOWRECEIVE,CSDISPOSIT,CSDISPDESC,ACTDATE,ACTTIME,EMDIVISION,EMUNIT,X,Y,ADDUSER,APPSTATE,ADDTIME,LOC_METHOD,ADD_NS,ADD_DIR_NS,ADD_EW,ADD_DIR_EW,NHA_NAME
1139165,N/A,E150600037,E 32ND ST & S WINSTEL AV,2015-03-01 00:00:00,0100,2015-03-01 00:00:00,0100,2015-03-01 00:00:00,0100,T306,TPD,N/A,N/A,8,TRANSPOR,TRANSPORT UNIT EVENT,OFFICER,TRW,TRANSPORT WORKED,2015-03-01 00:00:00,0100,ODD,FSB,1011210.43865,437715.154528,ILDLNK,0,2015-03-01 01:00:49,GEOCODE,1900,S,3800,E,Julia Keen
1139193,N/A,E150600060,2600 BLK OF N CASTRO AV,2015-03-01 00:00:00,0135,2015-03-01 00:00:00,0135,2015-03-01 00:00:00,0135,T204,TPD,N/A,N/A,4,10-48,RUNAWAY JUVENILE,PHONE,,None,2015-03-01 00:00:00,0135,,,991351.559383,457405.682415,ILDLNK,0,2015-03-01 01:37:56,GEOCODE,2600,N,200,W,Balboa Heights
1139199,N/A,E150600066,900 BLK OF E SPEEDWAY BL,2015-03-01 00:00:00,0149,2015-03-01 00:00:00,0149,2015-03-01 00:00:00,0149,T207,TPD,N/A,N/A,3,CKWELF,CHECK WELFARE,ANI/ALI,J,MISC INCIDENT,2015-03-01 00:00:00,0149,ODW,FSB,996788.478675,450939.477034,ILDLNK,0,2015-03-01 01:50:56,GEOCODE,1100,N,1000,E,Feldman's
1139211,N/A,E150600078,6400 BLK OF E BROADWAY BL,2015-03-01 00:00:00,0211,2015-03-01 00:00:00,0211,2015-03-01 00:00:00,0211,T403,TPD,N/A,N/A,3,FIGHTB,FIGHT BREWING,PHONE,J,MISC INCIDENT,2015-03-01 00:00:00,0211,ODE,FSB,1028310.28018,445745.744751,ILDLNK,0,2015-03-01 02:12:33,GEOCODE,0,N,6400,E,None
1139141,N/A,E150600013,900 BLK OF N ALVERNON WY,2015-03-01 00:00:00,0022,2015-03-01 00:00:00,0022,2015-03-01 00:00:00,0022,T305,TPD,N/A,N/A,8,T,TRAFFIC STOP,OFFICER,L,TRAFFIC CITATION,2015-03-01 00:00:00,0022,ODM,FSB,1011404.53773,449827.599409,ILDLNK,0,2015-03-01 00:23:22,GEOCODE,800,N,3900,E,Peter Howell
1139158,N/A,E150600029,W CALLE DEL REY & S MISSION RD,2015-03-01 00:00:00,0044,2015-03-01 00:00:00,0044,2015-03-01 00:00:00,0044,T101,TPD,N/A,N/A,8,T,TRAFFIC STOP,OFFICER,L,TRAFFIC CITATION,2015-03-01 00:00:00,0044,ODS,FSB,982690.783136,432147.249344,ILDLNK,0,2015-03-01 00:45:35,GEOCODE,3200,S,1700,W,Santa Cruz Southwest
1139163,N/A,E150600034,S EDMONDSON AV & E FAIRLAND SV,2015-03-01 00:00:00,0055,2015-03-01 00:00:00,0055,2015-03-01 00:00:00,0055,T102,TPD,N/A,N/A,8,T,TRAFFIC STOP,OFFICER,L,TRAFFIC CITATION,2015-03-01 00:00:00,0055,ODS,FSB,1005201.4872,435894.710958,ILDLNK,0,2015-03-01 00:56:34,GEOCODE,2400,S,2900,E,Pueblo Gardens
1139171,N/A,E150600041,2000 BLK OF E ROGER RD,2015-03-01 00:00:00,0109,2015-03-01 00:00:00,0109,2015-03-01 00:00:00,0109,T301,TPD,N/A,N/A,3,10-31B,FAMILY FIGHT/DOMESTIC VIOLENCE BREWING,PHONE,J,MISC INCIDENT,2015-03-01 00:00:00,0109,ODM,FSB,1001132.93865,466760.559711,ILDLNK,0,2015-03-01 01:11:44.000001,GEOCODE,4000,N,2000,E,Prince Tucson
1139198,N/A,E150600065,S 9TH AV & W AJO WY,2015-03-01 00:00:00,0148,2015-03-01 00:00:00,0148,2015-03-01 00:00:00,0148,T103,TPD,N/A,N/A,8,T,TRAFFIC STOP,OFFICER,L,TRAFFIC CITATION,2015-03-01 00:00:00,0148,ODS,FSB,992374.563976,429705.750656,ILDLNK,0,2015-03-01 01:48:47,GEOCODE,3800,S,200,W,None
1139202,N/A,E150600069,200 BLK OF E CONGRESS ST,2015-03-01 00:00:00,0151,2015-03-01 00:00:00,0151,2015-03-01 00:00:00,0151,T502,TPD,N/A,N/A,2,FIGHTG,FIGHT WITH LARGE GROUP,PHONE,O,NO PAPERWORK,2015-03-01 00:00:00,0151,ODD,FSB,993648.682415,445802.293963,ILDLNK,0,2015-03-01 01:53:08,GEOCODE,100,N,200,E,None
1139209,N/A,E150600076,1700 BLK OF E SPEEDWAY BL,2015-03-01 00:00:00,0208,2015-03-01 00:00:00,0208,2015-03-01 00:00:00,0208,T207,TPD,N/A,N/A,2,UNWANT,UNWANTED PERSON,ANI/ALI,J,MISC INCIDENT,2015-03-01 00:00:00,0208,ODW,FSB,999917.237205,450970.706365,ILDLNK,0,2015-03-01 02:10:24,GEOCODE,1100,N,1700,E,North University
1139224,N/A,E150600091,N 1ST AV & E 6TH ST,2015-03-01 00:00:00,0229,2015-03-01 00:00:00,0229,2015-03-01 00:00:00,0229,T502,TPD,N/A,N/A,8,T,TRAFFIC STOP,OFFICER,O,NO PAPERWORK,2015-03-01 00:00:00,0229,TED,SSB,995522.000656,447903.529528,ILDLNK,0,2015-03-01 02:30:15,GEOCODE,500,N,700,E,West University
1139131,N/A,E150600004,N ALVERNON WY & E BROADWAY BL,2015-03-01 00:00:00,0012,2015-03-01 00:00:00,0012,2015-03-01 00:00:00,0012,T306,TPD,N/A,N/A,8,T,TRAFFIC STOP,OFFICER,L,TRAFFIC CITATION,2015-03-01 00:00:00,0012,ODM,FSB,1011431.61024,445797.874016,ILDLNK,0,2015-03-01 00:12:28,GEOCODE,0,N,3900,E,Peter Howell
1139133,N/A,E150600006,E BROADWAY BL & N KOLB RD,2015-03-01 00:00:00,0014,2015-03-01 00:00:00,0014,2015-03-01 00:00:00,0014,T403,TPD,N/A,N/A,4,RACVEH,RACING VEHICLE,PHONE,J,MISC INCIDENT,2015-03-01 00:00:00,0014,ODE,FSB,1032653.98425,445805.170604,ILDLNK,0,2015-03-01 00:16:48,GEOCODE,0,N,7100,E,Broadway/Northeast
1139134,N/A,E150600007,0 BLK OF S SHANNON RD,2015-03-01 00:00:00,0014,2015-03-01 00:00:00,0014,2015-03-01 00:00:00,0014,T505,TPD,N/A,N/A,4,LDPRTY,LOUD PARTY,PHONE,J,MISC INCIDENT,2015-03-01 00:00:00,0014,ODD,FSB,974559.533465,445396.23458,ILDLNK,0,2015-03-01 00:16:48,GEOCODE,0,N,2900,W,None
1139149,N/A,E150600021,1600 BLK OF N WILMOT RD,2015-03-01 00:00:00,0035,2015-03-01 00:00:00,0035,2015-03-01 00:00:00,0035,T401,TPD,N/A,N/A,3,SUSVEH,SUSPICIOUS VEHICLE,PHONE,J,MISC INCIDENT,2015-03-01 00:00:00,0035,ODE,FSB,1027353.59613,453521.198491,ILDLNK,0,2015-03-01 00:36:41.000001,GEOCODE,1700,N,6300,E,None
1139142,N/A,E150600014,E DESERT PALM DR & S LAZY PALM DR,2015-03-01 00:00:00,0023,2015-03-01 00:00:00,0023,2015-03-01 00:00:00,0023,T407,TPD,N/A,N/A,8,T,TRAFFIC STOP,OFFICER,L,TRAFFIC CITATION,2015-03-01 00:00:00,0023,ODE,FSB,1034453.87467,429190.279528,ILDLNK,0,2015-03-01 00:25:34.000001,GEOCODE,4000,S,7300,E,Groves Lincoln Park
1139219,N/A,E150600086,W AJO WY & S MISSION RD,2015-03-01 00:00:00,0221,2015-03-01 00:00:00,0221,2015-03-01 00:00:00,0221,T101,TPD,N/A,N/A,8,CRIMESCE,CRIME SCENE UNIT EVENT,PHONE,CSW,CRIMESCENE WORKED,2015-03-01 00:00:00,0221,FD,ISB,982595.766732,429640.73458,ILDLNK,0,2015-03-01 02:23:32.000001,GEOCODE,3800,S,1700,W,Santa Cruz Southwest
1139222,N/A,E150600089,1300 BLK OF W ROGER RD,2015-03-01 00:00:00,0225,2015-03-01 00:00:00,0225,2015-03-01 00:00:00,0225,T202,TPD,N/A,N/A,3,FIGHTB,FIGHT BREWING,ANI/ALI,J,MISC INCIDENT,2015-03-01 00:00:00,0225,ODW,FSB,984867.541667,466577.098753,ILDLNK,0,2015-03-01 02:25:43,GEOCODE,4000,N,1400,W,Flowing Wells
1139229,N/A,E150600095,7700 BLK OF E POINCIANA DR,2015-03-01 00:00:00,0237,2015-03-01 00:00:00,0237,2015-03-01 00:00:00,0237,T407,TPD,N/A,N/A,4,BRKDOG,BARKING DOG,ANI/ALI,J,MISC INCIDENT,2015-03-01 00:00:00,0237,ODE,FSB,1036876.13123,426496.555774,ILDLNK,0,2015-03-01 02:38:58,GEOCODE,4500,S,7700,E,Groves Lincoln Park
1139232,N/A,E150600096,4500 BLK OF E PIMA ST,2015-03-01 00:00:00,0242,2015-03-01 00:00:00,0242,2015-03-01 00:00:00,0242,T304,TPD,N/A,N/A,3,AGNAST,OTHER AGENCY ASSIST,PHONE,J,MISC INCIDENT,2015-03-01 00:00:00,0242,ODM,FSB,1015913.7664,453762.231627,ILDLNK,0,2015-03-01 02:43:19,GEOCODE,1700,N,4600,E,Garden District
1139240,N/A,E150600104,1500 BLK OF N CAMPBELL AV,2015-03-01 00:00:00,0258,2015-03-01 00:00:00,0258,2015-03-01 00:00:00,0258,T207,TPD,N/A,N/A,4,DOA_HOSP,DEATH-HOSPITAL MORGUE,PHONE,,None,2015-03-01 00:00:00,0258,,,1000712.78182,452650.440945,ILDLNK,0,2015-03-01 03:00:52,GEOCODE,1500,N,1900,E,North University
1139266,N/A,E150600128,7600 BLK OF S FRESHWATER PEARL DR,2015-03-01 00:00:00,0343,2015-03-01 00:00:00,0343,2015-03-01 00:00:00,0343,T408,TPD,N/A,N/A,3,SUSPER,SUSPICIOUS PERSON,PHONE,J,MISC INCIDENT,2015-03-01 00:00:00,0343,ODE,FSB,1047452.37664,406322.964239,ILDLNK,0,2015-03-01 03:45:07,GEOCODE,7700,S,9300,E,Rita Ranch
1139290,N/A,E150600149,6200 BLK OF E BROADWAY BL,2015-03-01 00:00:00,0455,2015-03-01 00:00:00,0455,2015-03-01 00:00:00,0455,T401,TPD,N/A,N/A,4,VERALA,VERIFIED ALARM,PHONE,,None,2015-03-01 00:00:00,0455,,,1026702.36745,445946.050853,ILDLNK,0,2015-03-01 04:57:13,GEOCODE,0,N,6200,E,None
1139304,N/A,E150600163,E BROADWAY BL & N WILMOT RD,2015-03-01 00:00:00,0541,2015-03-01 00:00:00,0541,2015-03-01 00:00:00,0541,T403,TPD,N/A,N/A,3,TRFHAZ,TRAFFIC HAZARD,PHONE,,None,2015-03-01 00:00:00,0541,ODE,FSB,1027410.53215,445843.233596,ILDLNK,0,2015-03-01 05:43:02.000001,GEOCODE,100,S,6300,E,None
1139306,N/A,E150600165,1600 BLK OF W AJO WY,2015-03-01 00:00:00,0554,2015-03-01 00:00:00,0554,2015-03-01 00:00:00,0554,T101,TPD,N/A,N/A,4,EMBEZV,EMBEZZLED VEHICLE,PHONE,,None,2015-03-01 00:00:00,0554,,,983162.023622,429622.991142,ILDLNK,0,2015-03-01 05:56:07,GEOCODE,3800,S,1700,W,Santa Cruz Southwest
1139162,N/A,E150600033,800 BLK OF E UNIVERSITY BL,2015-03-01 00:00:00,0055,2015-03-01 00:00:00,0055,2015-03-01 00:00:00,0055,T501,TPD,N/A,N/A,2,UNKTRB,UNKNOWN TROUBLE,PHONE,J,MISC INCIDENT,2015-03-01 00:00:00,0055,ODD,FSB,996514.899606,449363.120735,ILDLNK,0,2015-03-01 00:56:34,GEOCODE,800,N,900,E,West University
1139170,N/A,E150600042,3500 BLK OF N RIVERHAVEN DR,2015-03-01 00:00:00,0110,2015-03-01 00:00:00,0110,2015-03-01 00:00:00,0110,T302,TPD,N/A,N/A,8,CRIMESCE,CRIME SCENE UNIT EVENT,PHONE,CSW,CRIMESCENE WORKED,2015-03-01 00:00:00,0110,FD,ISB,1013203.57283,463692.947178,ILDLNK,0,2015-03-01 01:11:42,GEOCODE,3500,N,4200,E,None
1139178,N/A,E150600048,6700 BLK OF E TANQUE VERDE RD,2015-03-01 00:00:00,0120,2015-03-01 00:00:00,0120,2015-03-01 00:00:00,0120,T401,TPD,N/A,N/A,3,CKWELF,CHECK WELFARE,PHONE,J,MISC INCIDENT,2015-03-01 00:00:00,0120,ODE,FSB,1029857.91043,455649.416667,ILDLNK,0,2015-03-01 01:22:37,GEOCODE,2200,N,6700,E,None
1139187,N/A,E150600055,E 22ND ST & S KOLB RD,2015-03-01 00:00:00,0131,2015-03-01 00:00:00,0131,2015-03-01 00:00:00,0131,T403,TPD,N/A,N/A,3,TRFHAZ,TRAFFIC HAZARD,PHONE,J,MISC INCIDENT,2015-03-01 00:00:00,0131,ODE,FSB,1032713.8107,440514.460302,ILDLNK,0,2015-03-01 01:33:31.000001,GEOCODE,1200,S,7100,E,None
1139207,N/A,E150600074,200 BLK OF N 4TH AV,2015-03-01 00:00:00,0201,2015-03-01 00:00:00,0201,2015-03-01 00:00:00,0201,T502,TPD,N/A,N/A,8,T,TRAFFIC STOP,OFFICER,J,MISC INCIDENT,2015-03-01 00:00:00,0201,ODD,FSB,994098.383202,446471.224738,ILDLNK,0,2015-03-01 02:01:48.000001,GEOCODE,200,N,300,E,Pie Allen
1139236,N/A,E150600100,E BROADWAY BL & N KOLB RD,2015-03-01 00:00:00,0251,2015-03-01 00:00:00,0251,2015-03-01 00:00:00,0251,T403,TPD,N/A,N/A,4,RACVEH,RACING VEHICLE,OFFICER,J,MISC INCIDENT,2015-03-01 00:00:00,0251,ODE,FSB,1032653.98425,445805.170604,ILDLNK,0,2015-03-01 02:52:04,GEOCODE,0,N,7100,E,Broadway/Northeast
1139246,N/A,E150600110,7700 BLK OF E BROADWAY BL,2015-03-01 00:00:00,0303,2015-03-01 00:00:00,0303,2015-03-01 00:00:00,0303,T404,TPD,N/A,N/A,5,BT,BICYCLE TRAFFIC,OFFICER,J,MISC INCIDENT,2015-03-01 00:00:00,0303,ODE,FSB,1037193.00459,445809.870407,ILDLNK,0,2015-03-01 03:05:15,GEOCODE,0,N,7800,E,None
1139247,N/A,E150600111,400 BLK OF N GRANADA AV,2015-03-01 00:00:00,0306,2015-03-01 00:00:00,0306,2015-03-01 00:00:00,0306,T502,TPD,N/A,N/A,3,TRBCUS,TROUBLE WITH CUSTOMER,ANI/ALI,J,MISC INCIDENT,2015-03-01 00:00:00,0306,ODW,FSB,990201.223097,447778.670276,ILDLNK,0,2015-03-01 03:07:30,GEOCODE,500,N,600,W,El Presidio
1139256,N/A,E150600119,4500 BLK OF S CAMINO BARRERA,2015-03-01 00:00:00,0315,2015-03-01 00:00:00,0315,2015-03-01 00:00:00,0315,T103,TPD,N/A,N/A,2,FOLWUP,FOLLOW UP,PHONE,B,SUPPLEMENT,2015-03-01 00:00:00,0315,ODS,FSB,998835.294291,427112.981627,ILDLNK,0,2015-03-01 03:16:29,GEOCODE,4400,S,1400,E,Bravo Park Lane
1139262,N/A,E150600125,500 BLK OF N IROQUOIS AV,2015-03-01 00:00:00,0332,2015-03-01 00:00:00,0332,2015-03-01 00:00:00,0332,T206,TPD,N/A,N/A,3,SUSACT,SUSPICIOUS ACTIVITY,PHONE,J,MISC INCIDENT,2015-03-01 00:00:00,0332,ODW,FSB,983941.076115,448215.395013,ILDLNK,0,2015-03-01 03:34:08,GEOCODE,600,N,1500,W,Barrio Hollywood
1139270,N/A,E150600132,S IRVING AV & E WHITTIER ST,2015-03-01 00:00:00,0354,2015-03-01 00:00:00,0354,2015-03-01 00:00:00,0354,T305,TPD,N/A,N/A,2,10-52,ACCIDENT W/INJURIES,ANI/ALI,ASSNCASE,FOR DISPASSNCASE,2015-03-01 00:00:00,0354,ODM,FSB,1012797.55315,444472.975394,ILDLNK,0,2015-03-01 03:55:59,GEOCODE,300,S,4100,E,San Clemente
1139274,N/A,E150600136,5500 BLK OF S FORGEUS AV,2015-03-01 00:00:00,0400,2015-03-01 00:00:00,0400,2015-03-01 00:00:00,0400,T107,TPD,N/A,N/A,4,LDMUSC,LOUD MUSIC,ANI/ALI,J,MISC INCIDENT,2015-03-01 00:00:00,0400,ODS,FSB,1004300.27493,420544.923556,ILDLNK,0,2015-03-01 04:00:24,GEOCODE,5500,S,2600,E,None
1139281,N/A,E150600141,100 BLK OF N SANTA RITA AV,2015-03-01 00:00:00,0431,2015-03-01 00:00:00,0431,2015-03-01 00:00:00,0431,T502,TPD,N/A,N/A,4,10-33,DISTURBANCE,ANI/ALI,J,MISC INCIDENT,2015-03-01 00:00:00,0431,ODD,FSB,997911.702756,446024.28248,ILDLNK,0,2015-03-01 04:33:18,GEOCODE,100,N,1200,E,Rincon Heights
1139132,N/A,E150600005,N ROOK AV & E SPEEDWAY BL,2015-03-01 00:00:00,0012,2015-03-01 00:00:00,0012,2015-03-01 00:00:00,0012,T401,TPD,N/A,N/A,8,T,TRAFFIC STOP,OFFICER,L,TRAFFIC CITATION,2015-03-01 00:00:00,0012,TED,SSB,1026662.40584,451226.656168,ILDLNK,0,2015-03-01 00:12:28,GEOCODE,1100,N,6200,E,None
1139157,N/A,E150600028,3900 BLK OF S 15TH AV,2015-03-01 00:00:00,0042,2015-03-01 00:00:00,0042,2015-03-01 00:00:00,0042,T103,TPD,N/A,N/A,4,LDPRTY,LOUD PARTY,PHONE,J,MISC INCIDENT,2015-03-01 00:00:00,0042,ODS,FSB,989595.720472,429257.565617,ILDLNK,0,2015-03-01 00:43:21,GEOCODE,3900,S,700,W,Rose
1139175,N/A,E150600045,5300 BLK OF S 12TH AV,2015-03-01 00:00:00,0114,2015-03-01 00:00:00,0114,2015-03-01 00:00:00,0114,T105,TPD,N/A,N/A,3,10-33,DISTURBANCE,PHONE,J,MISC INCIDENT,2015-03-01 00:00:00,0114,ODS,FSB,990613.583661,421709.055774,ILDLNK,0,2015-03-01 01:16:04,GEOCODE,5300,S,600,W,Sunnyside
1139177,N/A,E150600047,S AVENIDA CANECA & E CALLE LENA VERDE,2015-03-01 00:00:00,0118,2015-03-01 00:00:00,0118,2015-03-01 00:00:00,0118,T107,TPD,N/A,N/A,4,10-33,DISTURBANCE,PHONE,J,MISC INCIDENT,2015-03-01 00:00:00,0118,ODS,FSB,1002954.31102,417276.857612,ILDLNK,0,2015-03-01 01:20:24,GEOCODE,6000,S,2300,E,None
1139179,N/A,E150600049,W 42ND ST & W 43RD ST,2015-03-01 00:00:00,0121,2015-03-01 00:00:00,0121,2015-03-01 00:00:00,0121,T103,TPD,N/A,N/A,8,T,TRAFFIC STOP,OFFICER,L,TRAFFIC CITATION,2015-03-01 00:00:00,0121,ODS,FSB,992193.875328,432675.343504,ILDLNK,0,2015-03-01 01:22:37,GEOCODE,3100,S,200,W,None
1139228,N/A,E150600094,5300 BLK OF E GRANT RD,2015-03-01 00:00:00,0235,2015-03-01 00:00:00,0235,2015-03-01 00:00:00,0235,T302,TPD,N/A,N/A,3,SEXKIT,SEXUAL ASSAULT KIT,ANI/ALI,B,SUPPLEMENT,2015-03-01 00:00:00,0235,ODM,FSB,1020555.02034,456488.994423,ILDLNK,0,2015-03-01 02:36:47,GEOCODE,2400,N,5300,E,None
1139252,N/A,E150600115,N KOLB RD & E TANQUE VERDE RD,2015-03-01 00:00:00,0310,2015-03-01 00:00:00,0310,2015-03-01 00:00:00,0310,T401,TPD,N/A,N/A,2,10-52,ACCIDENT W/INJURIES,PHONE,H,ACCIDENT,2015-03-01 00:00:00,0310,ODE,FSB,1029800.8107,455633.304462,ILDLNK,0,2015-03-01 03:12:08,GEOCODE,2200,N,6700,E,None
1139284,N/A,E150600143,200 BLK OF W 44TH ST,2015-03-01 00:00:00,0437,2015-03-01 00:00:00,0437,2015-03-01 00:00:00,0437,T103,TPD,N/A,N/A,2,10-40,PROWLER,ANI/ALI,J,MISC INCIDENT,2015-03-01 00:00:00,0437,ODS,FSB,992344.500656,432358.758858,ILDLNK,0,2015-03-01 04:37:36,GEOCODE,3200,S,100,W,None
1139285,N/A,E150600144,500 BLK OF W AJO WY,2015-03-01 00:00:00,0444,2015-03-01 00:00:00,0444,2015-03-01 00:00:00,0444,T103,TPD,N/A,N/A,4,UNWANT,UNWANTED PERSON,PHONE,I,FIELD INTERVIEW,2015-03-01 00:00:00,0444,ODS,FSB,990564.615157,429707.075459,ILDLNK,0,2015-03-01 04:46:12.000001,GEOCODE,3800,S,600,W,None
1139294,N/A,E150600153,1100 BLK OF S ALVERNON WY,2015-03-01 00:00:00,0512,2015-03-01 00:00:00,0512,2015-03-01 00:00:00,0512,T306,TPD,N/A,N/A,4,SHOTHD,SHOT HEARD,OFFICER,J,MISC INCIDENT,2015-03-01 00:00:00,0512,ODM,FSB,1011458.67192,440832.145669,ILDLNK,0,2015-03-01 05:14:42,GEOCODE,1100,S,3900,E,None
1139300,N/A,E150600159,800 BLK OF E GRANT RD,2015-03-01 00:00:00,0517,2015-03-01 00:00:00,0517,2015-03-01 00:00:00,0517,T205,TPD,N/A,N/A,8,T,TRAFFIC STOP,OFFICER,L,TRAFFIC CITATION,2015-03-01 00:00:00,0517,ODW,FSB,996408.248032,455995.224409,ILDLNK,0,2015-03-01 05:19:02,GEOCODE,2400,N,900,E,Mountain First Avenue
1139308,N/A,E150600167,2300 BLK OF E ADAMS ST,2015-03-01 00:00:00,0558,2015-03-01 00:00:00,0558,2015-03-01 00:00:00,0558,T303,TPD,N/A,N/A,4,10-36C,BURGLARY- INTERIOR HAS BEEN CHECKED,PHONE,,None,2015-03-01 00:00:00,0558,,,1002549.02231,452686.794619,ILDLNK,0,2015-03-01 05:58:37,GEOCODE,1500,N,2300,E,Blenman-Elm
1139150,N/A,E150600022,2800 BLK OF N COLUMBUS BL,2015-03-01 00:00:00,0036,2015-03-01 00:00:00,0036,2015-03-01 00:00:00,0036,T302,TPD,N/A,N/A,4,10-33,DISTURBANCE,ANI/ALI,,None,2015-03-01 00:00:00,0036,,,1013919.55381,459686.669619,ILDLNK,0,2015-03-01 00:36:41.000001,GEOCODE,2900,N,4300,E,Oak Flower
1139185,N/A,E150600053,800 BLK OF W WYOMING ST,2015-03-01 00:00:00,0128,2015-03-01 00:00:00,0128,2015-03-01 00:00:00,0128,T105,TPD,N/A,N/A,4,ASLTVC,ASSAULT VICTIM,PHONE,,None,2015-03-01 00:00:00,0128,,,989574.421588,423025.034121,ILDLNK,0,2015-03-01 01:29:07,GEOCODE,5100,S,800,W,None
1139195,N/A,E150600062,5200 BLK OF S 9TH AV,2015-03-01 00:00:00,0140,2015-03-01 00:00:00,0140,2015-03-01 00:00:00,0140,T105,TPD,N/A,N/A,4,LDPRTY,LOUD PARTY,PHONE,J,MISC INCIDENT,2015-03-01 00:00:00,0140,ODS,FSB,992436.415682,421779.405184,ILDLNK,0,2015-03-01 01:42:16,GEOCODE,5300,S,200,W,Sunnyside
1139225,N/A,E150600092,6000 BLK OF S AVENIDA LAS MONJAS,2015-03-01 00:00:00,0232,2015-03-01 00:00:00,0232,2015-03-01 00:00:00,0232,T107,TPD,N/A,N/A,4,10-33,DISTURBANCE,PHONE,J,MISC INCIDENT,2015-03-01 00:00:00,0232,ODS,FSB,1001985.54199,417188.488517,ILDLNK,0,2015-03-01 02:34:33,GEOCODE,6000,S,2100,E,None
1139237,N/A,E150600101,N CAMPBELL AV & E LIMBERLOST DR,2015-03-01 00:00:00,0251,2015-03-01 00:00:00,0251,2015-03-01 00:00:00,0251,T203,TPD,N/A,N/A,2,10-55,DRUNK DRIVER,PHONE,J,MISC INCIDENT,2015-03-01 00:00:00,0251,ODW,FSB,1000648.18832,468097.108596,ILDLNK,0,2015-03-01 02:52:04,GEOCODE,4200,N,1900,E,Campus Farm
1139242,N/A,E150600106,S MISSION RD & W STARR PASS BL,2015-03-01 00:00:00,0301,2015-03-01 00:00:00,0301,2015-03-01 00:00:00,0301,T504,TPD,N/A,N/A,3,10-50U,AUTO ACCIDENT/UNKNOWN,PHONE,C,INCIDENT/ARREST,2015-03-01 00:00:00,0301,ODD,FSB,986555.787073,439873.488845,ILDLNK,0,2015-03-01 03:03:04.000001,GEOCODE,1300,S,1200,W,None
1139221,N/A,E150600088,9600 BLK OF E GOLF LINKS RD,2015-03-01 00:00:00,0223,2015-03-01 00:00:00,0223,2015-03-01 00:00:00,0223,T407,TPD,N/A,N/A,4,10-31O,FAMILY FIGHT/DOMESTIC VIOLENCE- OVER. PARTIES SEPARATED,PHONE,,None,2015-03-01 00:00:00,0223,,,1050088.64797,435323.784121,ILDLNK,0,2015-03-01 02:25:43,GEOCODE,2600,S,9700,E,South Harrison
1139251,N/A,E150600114,E ADAMS ST & N TYNDALL AV,2015-03-01 00:00:00,0309,2015-03-01 00:00:00,0309,2015-03-01 00:00:00,0309,T207,TPD,N/A,N/A,2,THREATD,DEATH THREATS,PHONE,J,MISC INCIDENT,2015-03-01 00:00:00,0309,ODW,FSB,996396.564304,452574.187992,ILDLNK,0,2015-03-01 03:12:08,GEOCODE,1500,N,900,E,Feldman's
1139264,N/A,E150600126,300 BLK OF S WILLIAMS BL,2015-03-01 00:00:00,0342,2015-03-01 00:00:00,0342,2015-03-01 00:00:00,0342,T305,TPD,N/A,N/A,3,CKWELF,CHECK WELFARE,PHONE,J,MISC INCIDENT,2015-03-01 00:00:00,0342,ODM,FSB,1020492.00787,444107.335302,ILDLNK,0,2015-03-01 03:45:07,GEOCODE,400,S,5300,E,None
1139279,N/A,E150600139,4300 BLK OF N ORACLE RD,2015-03-01 00:00:00,0426,2015-03-01 00:00:00,0426,2015-03-01 00:00:00,0426,T202,TPD,N/A,N/A,3,VERALA,VERIFIED ALARM,PHONE,R,FALSE ALARM,2015-03-01 00:00:00,0426,ODW,FSB,989999.240486,468874.448819,ILDLNK,0,2015-03-01 04:26:49,GEOCODE,4400,N,400,W,None
1139287,N/A,E150600146,4600 BLK OF E DOUGLAS ST,2015-03-01 00:00:00,0446,2015-03-01 00:00:00,0446,2015-03-01 00:00:00,0446,T305,TPD,N/A,N/A,4,LDMUSC,LOUD MUSIC,PHONE,J,MISC INCIDENT,2015-03-01 00:00:00,0446,ODM,FSB,1016171.65157,441265.408136,ILDLNK,0,2015-03-01 04:48:26,GEOCODE,1000,S,4600,E,Toumey Park
1139291,N/A,E150600150,E 8TH ST & N FREMONT AV,2015-03-01 00:00:00,0456,2015-03-01 00:00:00,0456,2015-03-01 00:00:00,0456,T502,TPD,N/A,N/A,2,UNKTRB,UNKNOWN TROUBLE,PHONE,J,MISC INCIDENT,2015-03-01 00:00:00,0456,ODD,FSB,997439.063976,446913.968504,ILDLNK,0,2015-03-01 04:57:13,GEOCODE,300,N,1100,E,Rincon Heights
1139303,N/A,E150600162,3300 BLK OF S 6TH AV,2015-03-01 00:00:00,0537,2015-03-01 00:00:00,0537,2015-03-01 00:00:00,0537,T103,TPD,N/A,N/A,8,10-81,STOP AND FIELD INTERVIEW,OFFICER,I,FIELD INTERVIEW,2015-03-01 00:00:00,0537,ODS,FSB,993400.709974,432888.019685,ILDLNK,0,2015-03-01 05:38:43,GEOCODE,3100,S,100,E,None
1139307,N/A,E150600166,8000 BLK OF E SUNDEW DR,2015-03-01 00:00:00,0557,2015-03-01 00:00:00,0557,2015-03-01 00:00:00,0557,T405,TPD,N/A,N/A,2,10-40,PROWLER,PHONE,,None,2015-03-01 00:00:00,0557,,,1038696.64961,436529.284777,ILDLNK,0,2015-03-01 05:58:35.000001,GEOCODE,2300,S,8000,E,Dietz
1139288,N/A,E150600147,2400 BLK OF N SYCAMORE BL,2015-03-01 00:00:00,0446,2015-03-01 00:00:00,0446,2015-03-01 00:00:00,0446,T302,TPD,N/A,N/A,4,SHOTHD,SHOT HEARD,PHONE,,None,2015-03-01 00:00:00,0446,,,1012112.71424,457030.133202,ILDLNK,0,2015-03-01 04:48:26,GEOCODE,2500,N,4000,E,Oak Flower
1139127,N/A,E150600001,7100 BLK OF S MISSIONDALE RD,2015-03-01 00:00:00,0003,2015-03-01 00:00:00,0003,2015-03-01 00:00:00,0003,T106,TPD,N/A,N/A,4,LDMUSC,LOUD MUSIC,PHONE,J,MISC INCIDENT,2015-03-01 00:00:00,0003,ODS,FSB,993393.937992,409802.550525,ILDLNK,0,2015-03-01 00:05:53,GEOCODE,7100,S,0,E,Barrio Nopal
1139128,N/A,E150600002,2400 BLK OF N DODGE BL,2015-03-01 00:00:00,0007,2015-03-01 00:00:00,0007,2015-03-01 00:00:00,0007,T301,TPD,N/A,N/A,4,NARC,NARCOTICS VIOLATION,PHONE,J,MISC INCIDENT,2015-03-01 00:00:00,0007,ODM,FSB,1009924.18766,457184.216864,ILDLNK,0,2015-03-01 00:08:08.000001,GEOCODE,2500,N,3700,E,Dodge Flower
1139136,N/A,E150600009,5100 BLK OF E 29TH ST,2015-03-01 00:00:00,0016,2015-03-01 00:00:00,0016,2015-03-01 00:00:00,0016,T307,TPD,N/A,N/A,4,LDPRTY,LOUD PARTY,PHONE,J,MISC INCIDENT,2015-03-01 00:00:00,0016,ODM,FSB,1020221.65322,437935.290354,ILDLNK,0,2015-03-01 00:18:58,GEOCODE,1900,S,5200,E,Myers
1139138,N/A,E150600010,7100 BLK OF E SPEEDWAY BL,2015-03-01 00:00:00,0018,2015-03-01 00:00:00,0018,2015-03-01 00:00:00,0018,T401,TPD,N/A,N/A,8,T,TRAFFIC STOP,OFFICER,L,TRAFFIC CITATION,2015-03-01 00:00:00,0018,ODE,FSB,1033212.1145,451078.65748,ILDLNK,0,2015-03-01 00:21:11,GEOCODE,1100,N,7200,E,Broadway/Northeast
1139148,N/A,E150600020,N ALVERNON WY & E MONTE VISTA DR,2015-03-01 00:00:00,0032,2015-03-01 00:00:00,0032,2015-03-01 00:00:00,0032,T301,TPD,N/A,N/A,5,BT,BICYCLE TRAFFIC,OFFICER,O,NO PAPERWORK,2015-03-01 00:00:00,0032,ODM,FSB,1011239.81332,459661.312664,ILDLNK,0,2015-03-01 00:34:31,GEOCODE,2900,N,3900,E,Oak Flower
1139155,N/A,E150600026,1700 BLK OF W GREAT OAK DR,2015-03-01 00:00:00,0041,2015-03-01 00:00:00,0041,2015-03-01 00:00:00,0041,T104,TPD,N/A,N/A,8,T,TRAFFIC STOP,OFFICER,L,TRAFFIC CITATION,2015-03-01 00:00:00,0041,ODS,FSB,982452.597441,417684.289042,ILDLNK,0,2015-03-01 00:43:20,GEOCODE,5900,S,1800,W,Midvale Park
1139169,N/A,E150600040,N 4TH AV & N TOOLE AV,2015-03-01 00:00:00,0108,2015-03-01 00:00:00,0108,2015-03-01 00:00:00,0108,T502,TPD,N/A,N/A,4,OTHER,OTHER,OFFICER,O,NO PAPERWORK,2015-03-01 00:00:00,0108,ODD,FSB,993939.865486,445863.540026,ILDLNK,0,2015-03-01 01:09:33,GEOCODE,100,N,300,E,Pie Allen
1139203,N/A,E150600070,8400 BLK OF E 22ND ST,2015-03-01 00:00:00,0153,2015-03-01 00:00:00,0153,2015-03-01 00:00:00,0153,T404,TPD,N/A,N/A,3,NARC,NARCOTICS VIOLATION,PHONE,J,MISC INCIDENT,2015-03-01 00:00:00,0153,ODE,FSB,1042192.30938,440598.656496,ILDLNK,0,2015-03-01 01:55:17,GEOCODE,1200,S,8500,E,None
1139212,N/A,E150600079,7800 BLK OF E 22ND ST,2015-03-01 00:00:00,0211,2015-03-01 00:00:00,0211,2015-03-01 00:00:00,0211,T405,TPD,N/A,N/A,4,10-42,VANDALISM,PHONE,,None,2015-03-01 00:00:00,0211,,,1037408.44652,440524.885499,ILDLNK,0,2015-03-01 02:12:34,GEOCODE,1200,S,7800,E,Dietz
1139214,N/A,E150600081,E 10TH ST & N EUCLID AV,2015-03-01 00:00:00,0213,2015-03-01 00:00:00,0213,2015-03-01 00:00:00,0213,T502,TPD,N/A,N/A,8,T,TRAFFIC STOP,OFFICER,O,NO PAPERWORK,2015-03-01 00:00:00,0213,TED,SSB,996012.344816,445998.312336,ILDLNK,0,2015-03-01 02:14:44,GEOCODE,100,N,800,E,Iron Horse
1139249,N/A,E150600112,7800 BLK OF S RITA RD,2015-03-01 00:00:00,0308,2015-03-01 00:00:00,0308,2015-03-01 00:00:00,0308,T408,TPD,N/A,N/A,3,SUSVEH,SUSPICIOUS VEHICLE,PHONE,J,MISC INCIDENT,2015-03-01 00:00:00,0308,ODE,FSB,1044712.67323,405060.940617,ILDLNK,0,2015-03-01 03:09:56,GEOCODE,7900,S,8900,E,Rita Ranch
1139253,N/A,E150600116,200 BLK OF E 5TH ST,2015-03-01 00:00:00,0312,2015-03-01 00:00:00,0312,2015-03-01 00:00:00,0312,T501,TPD,N/A,N/A,9,THRETH,THREATS- CALL BACK,ANI/ALI,,None,2015-03-01 00:00:00,0312,,,993166.526575,448319.700131,ILDLNK,0,2015-03-01 03:14:17,GEOCODE,600,N,100,E,West University
1139257,N/A,E150600120,5800 BLK OF E CAMINO DE LA ASPIRACION,2015-03-01 00:00:00,0319,2015-03-01 00:00:00,0319,2015-03-01 00:00:00,0319,T408,TPD,N/A,N/A,2,911,911 HANG UP CALL,PHONE,J,MISC INCIDENT,2015-03-01 00:00:00,0319,ODE,FSB,1024491.49738,410170.503937,ILDLNK,0,2015-03-01 03:20:56,GEOCODE,7100,S,5800,E,None
1139258,N/A,E150600121,6500 BLK OF E STELLA RD,2015-03-01 00:00:00,0321,2015-03-01 00:00:00,0321,2015-03-01 00:00:00,0321,T403,TPD,N/A,N/A,2,10-31,FAMILY FIGHT/DOMESTIC VIOLENCE,ANI/ALI,J,MISC INCIDENT,2015-03-01 00:00:00,0321,ODE,FSB,1028830.29003,432521.938648,ILDLNK,0,2015-03-01 03:23:08,GEOCODE,3200,S,6500,E,None
1139261,N/A,E150600124,2100 BLK OF N BELL AV,2015-03-01 00:00:00,0331,2015-03-01 00:00:00,0331,2015-03-01 00:00:00,0331,T304,TPD,N/A,N/A,4,10-31O,FAMILY FIGHT/DOMESTIC VIOLENCE- OVER. PARTIES SEPARATED,PHONE,,None,2015-03-01 00:00:00,0331,,,1016118.34843,455132.145013,ILDLNK,0,2015-03-01 03:31:53,GEOCODE,2100,N,4600,E,Garden District
1139282,N/A,E150600142,9900 BLK OF E VIA DEL PASTO,2015-03-01 00:00:00,0433,2015-03-01 00:00:00,0433,2015-03-01 00:00:00,0433,T408,TPD,N/A,N/A,2,10-40,PROWLER,ANI/ALI,J,MISC INCIDENT,2015-03-01 00:00:00,0433,ODE,FSB,1052214.49213,402423.783793,ILDLNK,0,2015-03-01 04:33:18,GEOCODE,8300,S,10000,E,Rita Ranch
4665752,1502288515,None,600 BLK OF E LESTER ST.,2015-02-28 15:02:35,1502,2015-02-27 00:00:00,2345,2015-02-28 00:00:00,1200,,TPD,6102,"MISCELLANEOUS/PUBLIC",None,None,None,None,None,None,None,None,ASD,ASB,994989.505906,453651.780512,WEBINCIDENT,1,2015-02-28 15:02:35,GEOCODE,1800,N,600,E,Northwest
4665761,1502288524,None,PARK AVENUE AND 1ST STREET,2015-02-28 19:12:36,1912,2015-02-28 00:00:00,1300,2015-02-28 19:12:36,1912,,TPD,6102,"MISCELLANEOUS/PUBLIC",None,None,None,None,None,None,None,None,ASD,ASB,996800.06332,450300.21752,WEBINCIDENT,1,2015-02-28 19:12:37,GEOCODE,1000,N,1000,E,None
1139130,N/A,E150600003,1600 BLK OF S VIA ELNORA,2015-03-01 00:00:00,0007,2015-03-01 00:00:00,0007,2015-03-01 00:00:00,0007,T101,TPD,N/A,N/A,3,SHOTHD,SHOT HEARD,PHONE,J,MISC INCIDENT,2015-03-01 00:00:00,0007,ODS,FSB,981341.068898,438287.489829,ILDLNK,0,2015-03-01 00:08:08.000001,GEOCODE,1700,S,1900,W,A Mountain
1139139,N/A,E150600011,E 45TH ST & S ELSON AV,2015-03-01 00:00:00,0019,2015-03-01 00:00:00,0019,2015-03-01 00:00:00,0019,T403,TPD,N/A,N/A,8,T,TRAFFIC STOP,OFFICER,J,MISC INCIDENT,2015-03-01 00:00:00,0019,ODE,FSB,1030814.125,431513.31168,ILDLNK,0,2015-03-01 00:21:12,GEOCODE,3400,S,6800,E,Stella Mann
1139144,N/A,E150600016,6100 BLK OF N CAMINO ALMONTE,2015-03-01 00:00:00,0026,2015-03-01 00:00:00,0026,2015-03-01 00:00:00,0026,,TPD,N/A,N/A,4,GTA,STOLEN MOTOR VEHICLE,PHONE,,None,2015-03-01 00:00:00,0026,,,1018637.21161,480922.400591,ILDLNK,0,2015-03-01 00:27:59,GEOCODE,6100,N,5100,E,None
1139147,N/A,E150600019,S KOLB RD & E SCIENCE PARK DR,2015-03-01 00:00:00,0031,2015-03-01 00:00:00,0031,2015-03-01 00:00:00,0031,T408,TPD,N/A,N/A,3,SUSACT,SUSPICIOUS ACTIVITY,PHONE,J,MISC INCIDENT,2015-03-01 00:00:00,0031,ODE,FSB,1033038.13976,405229.074147,ILDLNK,0,2015-03-01 00:32:22,GEOCODE,7800,S,7100,E,None
1139191,N/A,E150600058,600 BLK OF N 4TH AV,2015-03-01 00:00:00,0133,2015-03-01 00:00:00,0133,2015-03-01 00:00:00,0133,T501,TPD,N/A,N/A,2,SUSPER,SUSPICIOUS PERSON,PHONE,J,MISC INCIDENT,2015-03-01 00:00:00,0133,ODD,FSB,994105.315289,448378.534449,ILDLNK,0,2015-03-01 01:35:47,GEOCODE,600,N,300,E,West University
1139204,N/A,E150600071,E BELLINGHAM DR & E ESCALANTE RD,2015-03-01 00:00:00,0154,2015-03-01 00:00:00,0154,2015-03-01 00:00:00,0154,T407,TPD,N/A,N/A,5,BT,BICYCLE TRAFFIC,OFFICER,I,FIELD INTERVIEW,2015-03-01 00:00:00,0154,ODE,FSB,1034571.87434,429937.71916,ILDLNK,0,2015-03-01 01:55:17,GEOCODE,3800,S,7400,E,Groves Lincoln Park
1139260,N/A,E150600123,1300 BLK OF W CALLE RIO ROJO,2015-03-01 00:00:00,0327,2015-03-01 00:00:00,0327,2015-03-01 00:00:00,0327,T101,TPD,N/A,N/A,4,BRKDOG,BARKING DOG,ANI/ALI,,None,2015-03-01 00:00:00,0327,,,985981.565945,427185.482283,ILDLNK,0,2015-03-01 03:27:30,GEOCODE,4300,S,1300,W,None
4665762,1502288525,None,3900 BLK OF WEST COSTCO DRIVE,2015-02-28 19:22:38,1922,2015-02-28 00:00:00,1300,2015-02-28 00:00:00,1500,,TPD,6102,"MISCELLANEOUS/PUBLIC",None,None,None,None,None,None,None,None,ASD,ASB,968400.039698,483773.31857,WEBINCIDENT,1,2015-02-28 19:22:38,GEOCODE,6600,N,3900,W,None
4665751,1502288514,None,5700 BLK OF E 24TH STREET,2015-02-28 13:42:29,1342,2015-01-07 00:00:00,1342,2015-02-28 13:42:29,1342,,TPD,6102,"MISCELLANEOUS/PUBLIC",None,None,None,None,None,None,None,None,ASD,ASB,1023541.1624,439500.930774,WEBINCIDENT,1,2015-02-28 13:42:29,GEOCODE,1500,S,5700,E,None
4665763,1502288526,None,4300 BLK OF E LESTER ST,2015-02-28 20:32:33,2032,2015-02-28 00:00:00,1500,2015-02-28 20:32:33,2000,,TPD,6102,"MISCELLANEOUS/PUBLIC",None,None,None,None,None,None,None,None,ASD,ASB,1014179.1939,454139.905184,WEBINCIDENT,1,2015-02-28 20:32:33,GEOCODE,1800,N,4300,E,Garden District
4665767,1502288530,None,3600 BLK OF E BROADWAY BLVD,2015-02-28 22:52:38,2252,2015-02-24 00:00:00,1900,2015-02-24 00:00:00,2030,,TPD,6102,"MISCELLANEOUS/PUBLIC",None,None,None,None,None,None,None,None,ASD,ASB,1010065.31398,445805.697835,WEBINCIDENT,1,2015-02-28 22:52:38,GEOCODE,0,N,3700,E,None
1139143,N/A,E150600015,3700 BLK OF N 1ST AV,2015-03-01 00:00:00,0023,2015-03-01 00:00:00,0023,2015-03-01 00:00:00,0023,T203,TPD,N/A,N/A,4,LDMUSC,LOUD MUSIC,PHONE,J,MISC INCIDENT,2015-03-01 00:00:00,0023,ODW,FSB,995369.835302,464817.888451,ILDLNK,0,2015-03-01 00:25:35,GEOCODE,3700,N,700,E,Campus Farm
1139152,N/A,E150600024,E 22ND ST & S SWAN RD,2015-03-01 00:00:00,0039,2015-03-01 00:00:00,0039,2015-03-01 00:00:00,0039,T307,TPD,N/A,N/A,2,TRFHAZ,TRAFFIC HAZARD,PHONE,J,MISC INCIDENT,2015-03-01 00:00:00,0039,ODM,FSB,1016824.53281,440529.459974,ILDLNK,0,2015-03-01 00:41:06,GEOCODE,1200,S,4700,E,None
1139156,N/A,E150600027,800 BLK OF N SWAN RD,2015-03-01 00:00:00,0041,2015-03-01 00:00:00,0041,2015-03-01 00:00:00,0041,T305,TPD,N/A,N/A,3,SUSPER,SUSPICIOUS PERSON,PHONE,J,MISC INCIDENT,2015-03-01 00:00:00,0041,ODM,FSB,1016698.8668,449628.73458,ILDLNK,0,2015-03-01 00:43:20,GEOCODE,800,N,4700,E,Swan Way Park
1139164,N/A,E150600035,S 12TH AV & W DISTRICT ST,2015-03-01 00:00:00,0056,2015-03-01 00:00:00,0056,2015-03-01 00:00:00,0056,T103,TPD,N/A,N/A,8,T,TRAFFIC STOP,OFFICER,L,TRAFFIC CITATION,2015-03-01 00:00:00,0056,ODS,FSB,990563.5,428325.281824,ILDLNK,0,2015-03-01 00:58:44.000001,GEOCODE,4100,S,600,W,Rose
1139167,N/A,E150600038,2900 BLK OF N CRAYCROFT RD,2015-03-01 00:00:00,0104,2015-03-01 00:00:00,0104,2015-03-01 00:00:00,0104,T401,TPD,N/A,N/A,9,80,10-80 FIELD INTERVIEW/SUBJECT IN VEHICLE,OFFICER,I,FIELD INTERVIEW,2015-03-01 00:00:00,0104,ODE,FSB,1021957.25951,459719.745407,ILDLNK,0,2015-03-01 01:05:12,GEOCODE,2900,N,5500,E,Old Fort Lowell
1139200,N/A,E150600067,200 BLK OF E PRINCE RD,2015-03-01 00:00:00,0150,2015-03-01 00:00:00,0150,2015-03-01 00:00:00,0150,T205,TPD,N/A,N/A,2,OPNLIN,911 OPEN LINE,PHONE,J,MISC INCIDENT,2015-03-01 00:00:00,0150,ODW,FSB,992827.654199,463957.48294,ILDLNK,0,2015-03-01 01:50:56,GEOCODE,3600,N,200,E,Amphi
1139205,N/A,E150600072,1600 BLK OF E BANTAM RD,2015-03-01 00:00:00,0158,2015-03-01 00:00:00,0158,2015-03-01 00:00:00,0158,T105,TPD,N/A,N/A,4,SHOTHD,SHOT HEARD,PHONE,J,MISC INCIDENT,2015-03-01 00:00:00,0158,ODS,FSB,999598.354987,421808.292979,ILDLNK,0,2015-03-01 01:59:38,GEOCODE,5300,S,1500,E,Cherry Avenue
1139238,N/A,E150600102,N CAMPBELL AV & E SPEEDWAY BL,2015-03-01 00:00:00,0254,2015-03-01 00:00:00,0254,2015-03-01 00:00:00,0254,T501,TPD,N/A,N/A,4,PT,PEDESTRIAN TRAFFIC,OFFICER,S,CITATION ARREST,2015-03-01 00:00:00,0254,ODM,FSB,1000760.67257,450970.173885,ILDLNK,0,2015-03-01 02:56:25,GEOCODE,1100,N,1900,E,None
1139245,N/A,E150600109,E 5TH ST & N WILMOT RD,2015-03-01 00:00:00,0302,2015-03-01 00:00:00,0302,2015-03-01 00:00:00,0302,T401,TPD,N/A,N/A,4,SV,STALLED VEHICLE,OFFICER,O,NO PAPERWORK,2015-03-01 00:00:00,0302,ODE,FSB,1027369.56135,448610.499016,ILDLNK,0,2015-03-01 03:03:05,GEOCODE,600,N,6300,E,None
1139272,N/A,E150600134,5500 BLK OF S STOCKWELL RD,2015-03-01 00:00:00,0358,2015-03-01 00:00:00,0358,2015-03-01 00:00:00,0358,T104,TPD,N/A,N/A,4,SHOTHD,SHOT HEARD,ANI/ALI,,None,2015-03-01 00:00:00,0358,,,984242.028215,420205.069554,ILDLNK,0,2015-03-01 04:00:23,GEOCODE,5500,S,1600,W,Midvale Park
1139293,N/A,E150600152,1700 BLK OF N ORACLE RD,2015-03-01 00:00:00,0506,2015-03-01 00:00:00,0506,2015-03-01 00:00:00,0506,T207,TPD,N/A,N/A,3,SUSVEH,SUSPICIOUS VEHICLE,PHONE,J,MISC INCIDENT,2015-03-01 00:00:00,0506,ODW,FSB,990233.003937,453310.4229,ILDLNK,0,2015-03-01 05:08:11,GEOCODE,1700,N,600,W,None
1139302,N/A,E150600161,300 BLK OF E CORONA RD,2015-03-01 00:00:00,0524,2015-03-01 00:00:00,0524,2015-03-01 00:00:00,0524,T106,TPD,N/A,N/A,2,10-31,FAMILY FIGHT/DOMESTIC VIOLENCE,ANI/ALI,,None,2015-03-01 00:00:00,0524,ODS,FSB,994936.206693,409824.612205,ILDLNK,0,2015-03-01 05:25:36.000001,GEOCODE,7100,S,400,E,Barrio Nopal
4665759,1502288522,None,2900 BLK OF N CAMPBELL AVE SUITE 140,2015-02-28 17:52:36,1752,2015-02-27 00:00:00,1850,2015-02-28 17:52:36,1752,,TPD,6102,"MISCELLANEOUS/PUBLIC",None,None,None,None,None,None,None,None,ASD,ASB,1000736.71818,460097.684055,WEBINCIDENT,1,2015-02-28 17:52:36,GEOCODE,3000,N,1900,E,None
4665753,1502288516,None,100 BLK OF N CRAYCROFT,2015-02-28 15:12:37,1512,2015-02-28 00:00:00,2300,2015-02-28 15:12:37.000001,1512,,TPD,6102,"MISCELLANEOUS/PUBLIC",None,None,None,None,None,None,None,None,ASD,ASB,1022068.83005,446566.928806,WEBINCIDENT,1,2015-02-28 15:12:37.000001,GEOCODE,100,N,5500,E,Sewell
4666197,1503010042,E150600039,6500 BLK OF E TANQUE VERDE RD,2015-03-01 00:00:00,0104,2015-03-01 00:00:00,0100,2015-03-01 00:00:00,0104,T401,TPD,0901,"ASSAULT/MINOR INJURY",3,FIGHT,FIGHT,PHONE,ASSNCASE,FOR DISPASSNCASE,2015-03-01 00:00:00,0104,ODE,FSB,1028583.35499,454667.400591,ILDLNK,1,2015-03-01 01:22:36,GEOCODE,2000,N,6500,E,None
4666202,1503010051,E150600061,3400 BLK OF N FONTANA AV,2015-03-01 00:00:00,0136,2015-03-01 00:00:00,0136,2015-03-01 00:00:00,0136,T205,TPD,2702,"ARREST FOR OTHER JURISDICTION/MISD CRIMINL WARRANT",4,OTHER,OTHER,OFFICER,C,INCIDENT/ARREST,2015-03-01 00:00:00,0136,ODW,FSB,993308.262139,462707.698819,ILDLNK,2,2015-03-01 01:40:05,GEOCODE,3400,N,300,E,Amphi
4666213,1503010067,E150600097,W AJO WY & S MISSION RD,2015-03-01 00:00:00,0242,2015-03-01 00:00:00,0241,2015-03-01 00:00:00,0242,T101,TPD,2102,"DUI/PERSONAL INJURY ACCIDENT",4,OTHER,OTHER,OFFICER,C,INCIDENT/ARREST,2015-03-01 00:00:00,0242,ODS,FSB,982595.766732,429640.73458,ILDLNK,0,2015-03-01 02:43:19,GEOCODE,3800,S,1700,W,Santa Cruz Southwest
4666221,1503010093,E150600030,6000 BLK OF S PARK AV,2015-03-01 00:00:00,0049,2015-03-01 00:00:00,0049,2015-03-01 00:00:00,0049,T106,TPD,None,None,4,10-35,LARCENY,ANI/ALI,A,INCIDENT,2015-03-01 00:00:00,0049,ODS,FSB,997261.471129,416503.737205,ILDLNK,0,2015-03-01 04:15:44,GEOCODE,6100,S,1000,E,None
4666225,1503010099,E150600135,3600 BLK OF E SPEEDWAY BL,2015-03-01 00:00:00,0358,2015-03-01 00:00:00,0358,2015-03-01 00:00:00,0358,T303,TPD,None,None,3,FITEB,FIGHT BREWING,PHONE,A,INCIDENT,2015-03-01 00:00:00,0358,ODM,FSB,1010227.94816,451085.0479,ILDLNK,0,2015-03-01 04:37:35,GEOCODE,1100,N,3700,E,Miramonte
4666229,1503010092,None,E 7TH ST & N 7TH AV,2015-03-01 00:00:00,0245,2015-03-01 00:00:00,0245,2015-03-01 00:00:00,0245,T502,TPD,3203,"TRAFFIC ACCIDENT/PRP DMG/RR TRAIN",None,None,None,None,None,None,None,None,ODD,FSB,992663.125,447385.779856,54167,0,2015-03-01 04:52:49,GEOCODE,400,N,0,,None
4666232,1503010113,E150600160,100 BLK OF N JESSICA AV,2015-03-01 00:00:00,0517,2015-03-01 00:00:00,0517,2015-03-01 00:00:00,0517,T401,TPD,None,None,3,SUSACT,SUSPICIOUS ACTIVITY,PHONE,ASSNCASE,FOR DISPASSNCASE,2015-03-01 00:00:00,0517,ODE,FSB,1030609.65518,446220.114829,ILDLNK,0,2015-03-01 05:38:42,GEOCODE,100,N,6800,E,None
4666233,1503010114,E150600158,1300 BLK OF W MIRACLE MILE,2015-03-01 00:00:00,0517,2015-03-01 00:00:00,0517,2015-03-01 00:00:00,0517,T204,TPD,None,None,2,10-31,FAMILY FIGHT/DOMESTIC VIOLENCE,ANI/ALI,ASSNCASE,FOR DISPASSNCASE,2015-03-01 00:00:00,0517,ODW,FSB,984935.285433,459972.036745,ILDLNK,0,2015-03-01 05:43:02.000001,GEOCODE,3000,N,1400,W,Flowing Wells
4666187,1503010013,E150600023,3500 BLK OF N RIVERHAVEN DR,2015-03-01 00:00:00,0036,2015-03-01 00:00:00,0036,2015-03-01 00:00:00,0036,T302,TPD,2104,"DUI/NON-ACCIDENT",4,OTHER,OTHER,OFFICER,ASSNCASE,FOR DISPASSNCASE,2015-03-01 00:00:00,0036,TED,SSB,1013203.57283,463692.947178,ILDLNK,0,2015-03-01 00:38:53,GEOCODE,3500,N,4200,E,None
1139289,N/A,E150600148,200 BLK OF W BLACKLIDGE DR,2015-03-01 00:00:00,0454,2015-03-01 00:00:00,0454,2015-03-01 00:00:00,0454,T204,TPD,N/A,N/A,3,SUSACT,SUSPICIOUS ACTIVITY,PHONE,J,MISC INCIDENT,2015-03-01 00:00:00,0454,ODW,FSB,990689.589567,460010.336286,ILDLNK,0,2015-03-01 04:55:02,GEOCODE,3000,N,300,W,Coronado Heights
1139305,N/A,E150600164,1400 BLK OF W IRVINGTON RD,2015-03-01 00:00:00,0549,2015-03-01 00:00:00,0549,2015-03-01 00:00:00,0549,T101,TPD,N/A,N/A,4,LDPRTY,LOUD PARTY,ANI/ALI,,None,2015-03-01 00:00:00,0549,,,985098.832677,424325.619094,ILDLNK,0,2015-03-01 05:49:37,GEOCODE,4900,S,1400,W,None
4666185,1503010010,E150600018,2400 BLK OF N DODGE BL,2015-03-01 00:00:00,0031,2015-03-01 00:00:00,0031,2015-03-01 00:00:00,0031,T301,TPD,2203,"LIQUOR LAWS/DRINKING IN PUBLIC",4,OTHER,OTHER,OFFICER,C,INCIDENT/ARREST,2015-03-01 00:00:00,0031,ODM,FSB,1009924.18766,457184.216864,ILDLNK,1,2015-03-01 00:34:30,GEOCODE,2500,N,3700,E,Dodge Flower
4666196,1503010037,E150600046,2900 BLK OF N BALBOA AV,2015-03-01 00:00:00,0117,2015-03-01 00:00:00,0117,2015-03-01 00:00:00,0117,T204,TPD,2702,"ARREST FOR OTHER JURISDICTION/MISD CRIMINL WARRANT",4,OTHER,OTHER,OFFICER,C,INCIDENT/ARREST,2015-03-01 00:00:00,0117,ODW,FSB,990689.889108,460010.707349,ILDLNK,2,2015-03-01 01:18:16,GEOCODE,3000,N,300,W,Coronado Heights
4666206,1503010057,E150600056,2000 BLK OF E ROGER RD,2015-03-01 00:00:00,0132,2015-03-01 00:00:00,0132,2015-03-01 00:00:00,0132,T301,TPD,4201,"SICK CARED FOR/TRANSPORTED TO MEDICAL FACILITY",4,OTHER,OTHER,OFFICER,A,INCIDENT,2015-03-01 00:00:00,0132,ODM,FSB,1001132.93865,466760.559711,ILDLNK,1,2015-03-01 02:10:22,GEOCODE,4000,N,2000,E,Prince Tucson
4666228,1503010103,E150600140,4200 BLK OF E 29TH ST,2015-03-01 00:00:00,0429,2015-03-01 00:00:00,0429,2015-03-01 00:00:00,0429,T307,TPD,None,None,1,10-31W,10-31 WITH WEAPON,PHONE,A,INCIDENT,2015-03-01 00:00:00,0429,ODM,FSB,1014165.62172,437873.695538,ILDLNK,0,2015-03-01 04:48:25,GEOCODE,1900,S,4300,E,Roberts
4666231,1503010111,E150600151,E GOLF LINKS RD & S MANN AV,2015-03-01 00:00:00,0506,2015-03-01 00:00:00,0506,2015-03-01 00:00:00,0506,T403,TPD,None,None,2,10-44,SEXUAL ASSAULT,PHONE,ASSNCASE,FOR DISPASSNCASE,2015-03-01 00:00:00,0506,ODE,FSB,1030072.14469,435201.540354,ILDLNK,0,2015-03-01 05:29:58,GEOCODE,2600,S,6700,E,Terra Del Sol
4666190,1503010022,E150600031,E LEE ST & N SWAN RD,2015-03-01 00:00:00,0049,2015-03-01 00:00:00,0049,2015-03-01 00:00:00,0049,T304,TPD,0901,"ASSAULT/MINOR INJURY",2,ASLTVC,ASSAULT VICTIM,PHONE,A,INCIDENT,2015-03-01 00:00:00,0049,ODM,FSB,1016608.31365,453155.108268,ILDLNK,2,2015-03-01 01:03:01,GEOCODE,1600,N,4700,E,Garden District
4666201,1503010048,E150600044,E 1ST ST & N CAMPBELL AV,2015-03-01 00:00:00,0112,2015-03-01 00:00:00,0112,2015-03-01 00:00:00,0112,T303,TPD,0901,"ASSAULT/MINOR INJURY",3,ASLTVC,ASSAULT VICTIM,PHONE,C,INCIDENT/ARREST,2015-03-01 00:00:00,0112,ODM,FSB,1000762.62533,450550.374016,ILDLNK,0,2015-03-01 01:35:46,GEOCODE,1000,N,1900,E,None
4666220,1503010090,E150600127,E 34TH ST & E AVIATION PW,2015-03-01 00:00:00,0343,2015-03-01 00:00:00,0343,2015-03-01 00:00:00,0343,T102,TPD,0610,"LARCENY/ALL OTHERS",3,FIGHTB,FIGHT BREWING,PHONE,A,INCIDENT,2015-03-01 00:00:00,0343,ODM,FSB,1008336.34547,435540.795276,ILDLNK,1,2015-03-01 03:51:37,GEOCODE,2500,S,3400,E,Julia Keen
4666192,1503010024,E150600032,W IRVINGTON RD & S MIDVALE PARK RD,2015-03-01 00:00:00,0052,2015-03-01 00:00:00,0052,2015-03-01 00:00:00,0052,T104,TPD,None,None,8,T,TRAFFIC STOP,OFFICER,C,INCIDENT/ARREST,2015-03-01 00:00:00,0052,ODS,FSB,983244.626968,423269.235564,ILDLNK,0,2015-03-01 01:07:22,GEOCODE,5000,S,1700,W,Midvale Park
4666195,1503010036,E150600008,2000 BLK OF N 4TH AV,2015-03-01 00:00:00,0016,2015-03-01 00:00:00,0016,2015-03-01 00:00:00,0016,T207,TPD,4102,"MENTAL CASES/OTHER",2,SUICDL,SUICIDAL PERSON,PHONE,A,INCIDENT,2015-03-01 00:00:00,0016,ODW,FSB,994019.74311,454450.612205,ILDLNK,2,2015-03-01 01:18:11,GEOCODE,2000,N,300,E,Northwest
4666198,1503010043,E150600043,E PENNINGTON ST & N SCOTT AV,2015-03-01 00:00:00,0111,2015-03-01 00:00:00,0111,2015-03-01 00:00:00,0111,T502,TPD,2401,"DISORDERLY CONDUCT/DISTURBING THE PEACE",2,MANGUN,MAN WITH GUN,PHONE,C,INCIDENT/ARREST,2015-03-01 00:00:00,0111,ODD,FSB,992762.188976,446197.404199,ILDLNK,0,2015-03-01 01:22:36,GEOCODE,100,N,0,,None
4666200,1503010045,E150600050,S 12TH AV & W ALASKA ST,2015-03-01 00:00:00,0124,2015-03-01 00:00:00,0124,2015-03-01 00:00:00,0124,T105,TPD,None,None,8,T,TRAFFIC STOP,OFFICER,S,CITATION ARREST,2015-03-01 00:00:00,0124,ODS,FSB,990639.437992,421071.90748,ILDLNK,0,2015-03-01 01:29:06,GEOCODE,5400,S,600,W,Sunnyside
4666207,1503010059,E150600064,3300 BLK OF S 6TH AV,2015-03-01 00:00:00,0147,2015-03-01 00:00:00,0146,2015-03-01 00:00:00,0146,T103,TPD,2401,"DISORDERLY CONDUCT/DISTURBING THE PEACE",2,FIGHTB,FIGHT BREWING,ANI/ALI,ASSNCASE,FOR DISPASSNCASE,2015-03-01 00:00:00,0147,ODS,FSB,993400.709974,432888.019685,ILDLNK,2,2015-03-01 02:19:10,GEOCODE,3100,S,100,E,None
4666208,1503010060,E150600063,4800 BLK OF E 29TH ST,2015-03-01 00:00:00,0143,2015-03-01 00:00:00,0143,2015-03-01 00:00:00,0143,T307,TPD,2615,"OTHER OFFENSES/OTHER MISDEMEANORS DV",2,10-31,FAMILY FIGHT/DOMESTIC VIOLENCE,ANI/ALI,A,INCIDENT,2015-03-01 00:00:00,0143,ODM,FSB,1018184.81562,437889.173228,54041,2,2015-03-01 02:20:12,GEOCODE,1900,S,4900,E,Myers
4666226,1503010102,E150600137,300 BLK OF N 4TH AV,2015-03-01 00:00:00,0403,2015-03-01 00:00:00,0403,2015-03-01 00:00:00,0403,T502,TPD,None,None,2,THREATD,DEATH THREATS,ANI/ALI,A,INCIDENT,2015-03-01 00:00:00,0403,ODD,FSB,994096.185696,446941.864501,ILDLNK,0,2015-03-01 04:48:24,GEOCODE,300,N,300,E,Pie Allen
4666199,1503010044,E150600017,N ROSEMONT BL & E SPEEDWAY BL,2015-03-01 00:00:00,0028,2015-03-01 00:00:00,0028,2015-03-01 00:00:00,0028,T305,TPD,2104,"DUI/NON-ACCIDENT",8,T,TRAFFIC STOP,OFFICER,ASSNCASE,FOR DISPASSNCASE,2015-03-01 00:00:00,0028,ODM,FSB,1019284.31463,451193.981955,ILDLNK,1,2015-03-01 01:24:46,GEOCODE,1100,N,5100,E,Avondale
4666215,1503010080,E150600082,2700 BLK OF N SWAN RD,2015-03-01 00:00:00,0214,2015-03-01 00:00:00,0214,2015-03-01 00:00:00,0214,T302,TPD,None,None,3,SUSPER,SUSPICIOUS PERSON,PHONE,T,None,2015-03-01 00:00:00,0214,ODM,FSB,1016600.28675,458633.929462,ILDLNK,0,2015-03-01 03:09:45,GEOCODE,2700,N,4700,E,Glenn Heights
4666219,1503010089,E150600105,E 18TH ST & S VENICE AV,2015-03-01 00:00:00,0300,2015-03-01 00:00:00,0300,2015-03-01 00:00:00,0300,T305,TPD,0403,"ASSAULT AGGRAVATED/OTHER",2,10-31,FAMILY FIGHT/DOMESTIC VIOLENCE,PHONE,ASSNCASE,FOR DISPASSNCASE,2015-03-01 00:00:00,0300,ODM,FSB,1016151.81332,442406.623032,ILDLNK,0,2015-03-01 03:42:55,GEOCODE,700,S,4600,E,Toumey Park
4666205,1503010053,None,3800 BLK OF S MISSION RD,2015-03-01 00:00:00,0133,2015-03-01 00:00:00,0133,2015-03-01 00:00:00,0133,T101,TPD,2102,"DUI/PERSONAL INJURY ACCIDENT",None,None,None,None,None,None,None,None,ODS,FSB,982575.79626,429619.108268,53769,1,2015-03-01 02:08:14,GEOCODE,3800,S,1800,W,Santa Cruz Southwest
4666210,1503010062,E150600077,200 BLK OF E CONGRESS ST,2015-03-01 00:00:00,0210,2015-03-01 00:00:00,0210,2015-03-01 00:00:00,0210,T502,TPD,None,None,3,FIGHT,FIGHT,OFFICER,C,INCIDENT/ARREST,2015-03-01 00:00:00,0210,ODD,FSB,993648.682415,445802.293963,ILDLNK,0,2015-03-01 02:28:00,GEOCODE,100,N,200,E,None
4666212,1503010066,E150600087,1400 BLK OF E GANLEY TERRACE DR,2015-03-01 00:00:00,0221,2015-03-01 00:00:00,0221,2015-03-01 00:00:00,0221,T106,TPD,5303,"PUBLIC ASSIST/CHECK WELFARE",1,SUICDLW,SUICIDAL WITH WEAPONS,PHONE,ASSNCASE,FOR DISPASSNCASE,2015-03-01 00:00:00,0221,ODS,FSB,999575.208989,415612.32874,ILDLNK,1,2015-03-01 02:41:09.000001,GEOCODE,6200,S,1500,E,None
4666216,1503010081,E150600103,0 BLK OF E CONGRESS ST,2015-03-01 00:00:00,0254,2015-03-01 00:00:00,0254,2015-03-01 00:00:00,0254,T502,TPD,1504,"WEAPONS/OTHER",5,FD,FLAG DOWN,OFFICER,A,INCIDENT,2015-03-01 00:00:00,0254,ODD,FSB,992889.57185,445790.785105,ILDLNK,1,2015-03-01 03:09:55,GEOCODE,100,N,0,,None
4665755,1502288518,None,1200 BLK OF W IRVINGTON RD,2015-02-28 15:42:49,1542,2015-02-27 00:00:00,1427,2015-02-28 15:42:49,1542,,TPD,6102,"MISCELLANEOUS/PUBLIC",None,None,None,None,None,None,None,None,ASD,ASB,986654.511483,424318.904856,WEBINCIDENT,1,2015-02-28 15:42:49,GEOCODE,4900,S,1200,W,Midvale Park
4665757,1502288520,None,1200 BLK OF W IRVINGTON RD,2015-02-28 16:32:35,1632,2015-02-27 00:00:00,1409,2015-02-28 16:32:35,1632,,TPD,6102,"MISCELLANEOUS/PUBLIC",None,None,None,None,None,None,None,None,ASD,ASB,986654.511483,424318.904856,WEBINCIDENT,1,2015-02-28 16:32:36,GEOCODE,4900,S,1200,W,Midvale Park
4665758,1502288521,None,2500 BLK OF E WINDSOR CASTLE LANE,2015-02-28 17:02:34,1702,2015-02-24 00:00:00,0730,2015-02-28 17:02:34,1702,,TPD,6102,"MISCELLANEOUS/PUBLIC",None,None,None,None,None,None,None,None,ASD,ASB,1004248.92913,421411.945866,WEBINCIDENT,1,2015-02-28 17:02:34,GEOCODE,5400,S,2600,E,None
4665765,1502288528,None,3600 BLK OF E BROADWAY BLVD,2015-02-28 22:22:40,2222,2015-02-23 00:00:00,1330,2015-02-23 00:00:00,1345,,TPD,6102,"MISCELLANEOUS/PUBLIC",None,None,None,None,None,None,None,None,ASD,ASB,1010065.31398,445805.697835,WEBINCIDENT,1,2015-02-28 22:22:40.000001,GEOCODE,0,N,3700,E,None
4666223,1503010096,E150600129,W 6TH ST & N 9TH AV,2015-03-01 00:00:00,0345,2015-03-01 00:00:00,0345,2015-03-01 00:00:00,0345,T502,TPD,None,None,4,OTHER,OTHER,OFFICER,C,INCIDENT/ARREST,2015-03-01 00:00:00,0345,TED,SSB,991719.249672,447837.77231,ILDLNK,0,2015-03-01 04:26:48,GEOCODE,500,N,300,W,Dunbar Spring
4666184,1503010008,E150600012,W 44TH ST & S BELMAR AV,2015-03-01 00:00:00,0022,2015-03-01 00:00:00,0022,2015-03-01 00:00:00,0022,T103,TPD,None,None,8,T,TRAFFIC STOP,OFFICER,S,CITATION ARREST,2015-03-01 00:00:00,0022,ODS,FSB,992028.562992,432340.153543,ILDLNK,0,2015-03-01 00:30:10,GEOCODE,3200,S,200,W,None
4666193,1503010027,E150600036,W AJO WY & S HOLIDAY ISLE BL,2015-03-01 00:00:00,0058,2015-03-01 00:00:00,0058,2015-03-01 00:00:00,0058,T101,TPD,1801,"NARCOTIC DRUG LAWS/POSSESSION",4,PT,PEDESTRIAN TRAFFIC,OFFICER,C,INCIDENT/ARREST,2015-03-01 00:00:00,0058,ODS,FSB,985241.125,429661.687664,ILDLNK,0,2015-03-01 01:07:22,GEOCODE,3800,S,1400,W,None
4666203,1503010055,E150600059,300 BLK OF W CANADA ST,2015-03-01 00:00:00,0135,2015-03-01 00:00:00,0135,2015-03-01 00:00:00,0135,T105,TPD,2104,"DUI/NON-ACCIDENT",8,T,TRAFFIC STOP,OFFICER,C,INCIDENT/ARREST,2015-03-01 00:00:00,0135,ODS,FSB,991915.395997,420456.105643,ILDLNK,0,2015-03-01 01:46:38,GEOCODE,5500,S,300,W,Sunnyside
4666211,1503010065,E150600075,9500 BLK OF E SHILOH ST,2015-03-01 00:00:00,0207,2015-03-01 00:00:00,0207,2015-03-01 00:00:00,0207,T406,TPD,2411,"DISORDERLY CONDUCT/DISTURBING THE PEACE DV",3,10-31,FAMILY FIGHT/DOMESTIC VIOLENCE,PHONE,A,INCIDENT,2015-03-01 00:00:00,0207,ODE,FSB,1049287.13058,446764.626968,ILDLNK,1,2015-03-01 02:38:57,GEOCODE,200,N,9600,E,None
4666217,1503010088,E150600084,4200 BLK OF E LEE ST,2015-03-01 00:00:00,0220,2015-03-01 00:00:00,0220,2015-03-01 00:00:00,0220,T304,TPD,2605,"OTHER OFFENSES/OTHER MISDEMEANORS",3,SUSPER,SUSPICIOUS PERSON,PHONE,C,INCIDENT/ARREST,2015-03-01 00:00:00,0220,ODM,FSB,1013331.70833,453084.403871,ILDLNK,1,2015-03-01 03:38:28,GEOCODE,1600,N,4200,E,Garden District
4666230,1503010083,None,1200 BLK OF W GRANT RD,2015-03-01 00:00:00,0301,2015-03-01 00:00:00,0301,2015-03-01 00:00:00,0301,,TPD,None,None,None,None,None,None,None,None,None,None,ODW,FSB,985372.054462,456058.088911,53509,0,2015-03-01 05:28:25,GEOCODE,2400,N,1300,W,Flowing Wells
